symbol,full_symbol,volume,price,price_change
BTC,BTCUSDT,4732592721.840404,67985.18,3.053
ETH,ETHUSDT,3051484811.379359,2008.72,4.307
XRP,XRPUSDT,746705751.45652,1.4098,6.144
SOL,SOLUSDT,611091356.78285,85.01,4.307
BNB,BNBUSDT,211032669.90007,635.29,0.755
DOGE,DOGEUSDT,162219553.71009,0.09527,2.573
ADA,ADAUSDT,132757586.31567,0.2674,3.845
ZEC,ZECUSDT,119470816.82639,231.33,5.611
SUI,SUIUSDT,86176595.67804,0.9754,4.276
TRX,TRXUSDT,80521154.99219,0.2741,1.519
PAXG,PAXGUSDT,79431603.12161,4947.61,1.597
LINK,LINKUSDT,59776153.9365,8.61,4.49
PEPE,PEPEUSDT,55628297.7553996,3.77e-06,2.725
WLFI,WLFIUSDT,55379702.82238,0.101,-7.424
LTC,LTCUSDT,46855532.66023,53.38,2.832
BCH,BCHUSDT,46417389.1966,516.6,9.149
BERA,BERAUSDT,45583093.124085,0.451,13.602
AVAX,AVAXUSDT,40183195.449,9.0,4.287
HBAR,HBARUSDT,38911965.83523,0.08744,4.244
EUR,EURUSDT,38439034.68678,1.1783,-0.136
PUMP,PUMPUSDT,37766723.671077,0.002009,-1.616
ASTER,ASTERUSDT,37101894.91856,0.538,4.264
SENT,SENTUSDT,33140661.49499,0.02925,0.137
TAO,TAOUSDT,31941106.28098,164.1,-1.501
WLD,WLDUSDT,31473264.38903,0.3958,9.67
ENA,ENAUSDT,26266686.031476,0.122,2.78
XLM,XLMUSDT,24989127.0356,0.1582,2.329
ZAMA,ZAMAUSDT,24723060.38909,0.03016,6.048
PROVE,PROVEUSDT,24718478.4914,0.3342,14.531
UNI,UNIUSDT,23780739.96156,3.457,5.172
NEAR,NEARUSDT,23634300.2253,1.053,4.568
AAVE,AAVEUSDT,22259330.89323,110.74,4.58
FIL,FILUSDT,20927187.82679,0.952,4.158
TRUMP,TRUMPUSDT,19115365.552925,3.332,0.361
WBTC,WBTCUSDT,18465256.4862227,67869.1,3.13
WIF,WIFUSDT,18210211.85364,0.226,3.67
XPL,XPLUSDT,18181854.52391,0.0804,0.878
币安人生,币安人生USDT,15991292.76007,0.0964,-5.025
ARB,ARBUSDT,15337762.00241,0.1163,4.399
ENSO,ENSOUSDT,15184674.36527,1.348,-4.533
PENGU,PENGUUSDT,15148334.070797,0.006384,1.511
ICP,ICPUSDT,15127340.64573,2.415,2.679
ONDO,ONDOUSDT,14959675.63745,0.2493,4.792
VIRTUAL,VIRTUALUSDT,14863112.08116,0.5687,3.494
DOT,DOTUSDT,14774525.45616,1.332,1.835
DASH,DASHUSDT,14766294.93851,35.75,0.281
ZRO,ZROUSDT,14683426.14242,1.593,7.927
TON,TONUSDT,13659761.38945,1.341,4.358
SHIB,SHIBUSDT,13154800.54477663,6.06e-06,1.508
ZK,ZKUSDT,12925016.312469,0.02175,-10.161
LA,LAUSDT,12756995.83906,0.3067,75.961
BONK,BONKUSDT,12730185.7702342,6.25e-06,3.135
SEI,SEIUSDT,12613159.57992,0.0761,1.197
API3,API3USDT,11020675.05784,0.3499,20.989
RENDER,RENDERUSDT,10892602.22357,1.344,3.544
APT,APTUSDT,10196093.86436,1.093,3.406
FET,FETUSDT,9857062.20542,0.1623,2.397
BREV,BREVUSDT,9757640.48818,0.1412,8.449
POL,POLUSDT,9110627.9051,0.0952,-1.142
CYBER,CYBERUSDT,9039809.4203,0.536,8.502
CRV,CRVUSDT,8494742.52289,0.2544,7.797
KITE,KITEUSDT,7723297.45866,0.1448,3.651
GIGGLE,GIGGLEUSDT,7598736.61551,31.35,1.26
OP,OPUSDT,7421844.323168,0.1896,6.517
ETC,ETCUSDT,7126123.7538,8.55,2.395
STRK,STRKUSDT,7108762.069257,0.05,1.626
AR,ARUSDT,7064480.3327,2.0,-2.913
CAKE,CAKEUSDT,6865802.32407,1.349,2.042
ETHFI,ETHFIUSDT,6790428.1861,0.454,0.889
ZEN,ZENUSDT,6768546.61649,5.93,3.508
SKY,SKYUSDT,6746777.1783,0.06319,6.38
LDO,LDOUSDT,6419333.21292,0.3502,4.382
CHZ,CHZUSDT,6415921.10116,0.04112,2.98
AXS,AXSUSDT,6331722.37178,1.298,-2.553
FOGO,FOGOUSDT,6313972.53105,0.02417,-5.438
PENDLE,PENDLEUSDT,6025664.743,1.153,-1.705
BARD,BARDUSDT,6010346.57834,0.7666,3.918
BIO,BIOUSDT,5769897.44715,0.0264,4.762
ALGO,ALGOUSDT,5633513.3608,0.0957,3.125
BNSOL,BNSOLUSDT,5612101.3756,92.9,4.499
FLOKI,FLOKIUSDT,5574523.70587734,3.101e-05,2.479
SOMI,SOMIUSDT,5318306.57942,0.1778,1.658
0G,0GUSDT,5230834.6827,0.521,1.559
AWE,AWEUSDT,5158394.83689,0.07361,11.093
TIA,TIAUSDT,4993269.159457,0.3285,2.209
INJ,INJUSDT,4915550.50805,3.161,0.445
PARTI,PARTIUSDT,4915079.87022,0.0949,9.332
GALA,GALAUSDT,4883034.94855,0.00414,3.5
ATOM,ATOMUSDT,4806514.38324,1.959,6.121
AUCTION,AUCTIONUSDT,4701565.7531,4.72,7.029
LINEA,LINEAUSDT,4496953.64498,0.00333,0.604
FXS,FXSUSDT,4326666.0971,0.812,-9.172
GPS,GPSUSDT,4291054.581967,0.00965,6.044
HOLO,HOLOUSDT,4278326.09736,0.0599,9.307
KERNEL,KERNELUSDT,4241769.65922,0.0558,12.048
EIGEN,EIGENUSDT,4191811.02437,0.213,2.404
HEMI,HEMIUSDT,4140927.64454,0.01188,11.97
ENS,ENSUSDT,4084236.3635,5.87,5.009
NOM,NOMUSDT,3744874.65129,0.00605,3.952
NEIRO,NEIROUSDT,3725325.88996163,7.709e-05,3.213
GUN,GUNUSDT,3692599.70385,0.02761,6.397
XVG,XVGUSDT,3687923.48876,0.005662,0.497
JUP,JUPUSDT,3639548.45197,0.1599,0.063
PYTH,PYTHUSDT,3608157.11637,0.0452,8.393
FF,FFUSDT,3568281.691196,0.07986,2.912
AMP,AMPUSDT,3567233.893046,0.00161,9.748
CHESS,CHESSUSDT,3552438.210708,0.01048,25.359
FLOW,FLOWUSDT,3510424.7061665,0.04557,11.719
QNT,QNTUSDT,3509753.32737,63.18,-1.711
